{"stats":{"minecraft:used":{"minecraft:oak_sign":1,"minecraft:lectern":4,"minecraft:writable_book":2,"minecraft:diamond_block":1,"minecraft:dirt_path":8,"minecraft:written_book":1,"minecraft:glow_ink_sac":1,"minecraft:green_dye":1,"minecraft:grass_block":28},"minecraft:custom":{"minecraft:jump":11,"minecraft:time_since_rest":30242,"minecraft:crouch_one_cm":89,"minecraft:leave_game":4,"minecraft:play_time":30242,"minecraft:sprint_one_cm":903,"minecraft:time_since_death":30242,"minecraft:walk_one_cm":3330,"minecraft:sneak_time":1367,"minecraft:total_world_time":45740,"minecraft:fly_one_cm":180970,"minecraft:interact_with_lectern":1}},"DataVersion":2865}